_key,type,dateCreated,username,givenName,description,location,follows,friends,tweets
75889498,ProfilePage,2009-09-20T22:19:56.000Z,JavierBarahona,Javier Barahona,Raider!!! â˜ ï¸,"Texas, Estados Unidos",235,441,33313
114349360,ProfilePage,2010-02-15T03:26:21.000Z,ONSEN_OYAJI_2,æ¸©æ³‰è¦ªçˆ¶ï¼ è‰²å³æ˜¯ç©ºç©ºå³æ˜¯è‰²,ã‚ªã‚¸ã‚µãƒ³ã§ã™ã€‚è‰²ã€…ãªäº‹ã«é£Ÿã„ã¤ãã¾ã™ã€‚ ã‚ºãƒ¬ãŸRTã‚’ã™ã‚‹äº‹ãŒã‚ã‚Šã¾ã™ãŒã€æ‚ªæ°—ã¯ç„¡ã„ã®ã§è¯éº—ã«ã‚¹ãƒ«ãƒ¼ã—ã¦ãã ã•ã„ã¾ã›ã€‚çŒ«åˆä½“å…š260ç•ªã€‚ï¼ˆåˆä½“ã«ã¯åˆ¥ã‚¢ã‚«ã‚’ä½¿ã£ã¦ã„ã¾ã™ã€‚@onsen_mark2 )ãƒ—ãƒ©ãƒ¢ã‚¹ã‚­ãƒ¼ï¼ˆã‚¹ã‚±ãƒ¼ãƒ«ã‹ã‚‰ã‚¬ãƒ³ãƒ—ãƒ©ã¾ã§è‰²ã€…ï¼‰ã€‚FBã¯å†™çœŸã¨ã‹ãã£ã¡æ–¹é¢ä¸­å¿ƒã€‚LOVE CARS! No.1865,ç¥å¥ˆå·ã®éš…ã£ã“åœ¨ä½ã€‚ç†Šæœ¬ç”£ã€‚æ±äº¬ã€ä¸­éƒ¨ã€ä¸­å›½ã€ä¹å·è»¢å‹¤çµ„ã€‚,2268,2883,379643
370634488,ProfilePage,2011-09-09T11:09:28.000Z,mabas39,FaFiFu_WasWesWos,,"indonesia, serang banten",177,254,6129
3179859010,ProfilePage,2015-04-18T15:37:45.000Z,nathhaliareiss,N,trancista | owner: @naabraid.s no instagram, @flamengo e Lorenna,5419,1857,241639
1557775608230416386,ProfilePage,2022-08-11T17:07:13.000Z,tresracha_,cuan del barrio,and on my tombstone: couldn't tell the difference between fearless and stupid I 040922 ğŸ’œ,zee l 25 l she/they,121,245,17409
1305305975042256907,ProfilePage,2020-09-14T00:43:10.000Z,FoxTrot480,ğŸ’…ğŸŒˆğ”¸ğ•¤ğ•¥ğ•–ğ•£ ğŸª²ğŸ§ƒ,"She/her/they/them,15 ace lesbianğŸ’šğŸ’šTaken 9/29/22/ğŸ’š Sagittarius,likes dragons,belly kink , cars , trains and a ttte fan ,",Oh the Indignity,2768,4969,38814
1262732728212041736,ProfilePage,2020-05-19T13:12:10.000Z,amaladetails,paulo,jurÃ­dico doja cat â€¢ fan account.,ele/dele â€¢ he/him,1584,1442,15474
1160699697352327168,ProfilePage,2019-08-11T23:49:07.000Z,champagnebabbyy,Yeral,hello welcome to my digital diary ;),,245,173,16655
1452391755295379457,ProfilePage,2021-10-24T21:49:31.000Z,ChargerJoy,michael,hello. hi. why are you here? (pfp made by josephey idk-),"Ohio, Nigeria",9,29,74
936094111664427008,ProfilePage,2017-11-30T04:46:42.000Z,FitBlonde19,Fit Blonde Tech ğŸ®,"Just a girl obsessed with fitness, sports, tech, and gaming (PS/Xbox gamer tag: FitBlonde419)                                  Instagram: Fitblonde419","Orland Park, IL",718,1064,31195
1592119871449731074,ProfilePage,2022-11-14T11:39:08.000Z,cup_mad,MAD PARTEA CUP,MAD PARTEA CUPã¸ã‚ˆã†ã“ãã€‚ã“ã“ã¯ã€ãŠé…’ã¨æ–™ç†ã¨ãƒã‚±ãƒ¢ãƒ³ã‚«ãƒ¼ãƒ‰ã®å¤§ä¼šãŒè¡Œã‚ã‚Œã‚‹ã€ç´³å£«çš„ã§ç‹‚æ°—çš„ãªãŠèŒ¶ä¼šã§ã™ã€‚ç¾åœ¨ã¯æ‹›å¾…åˆ¶ã¨ãªã£ã¦ãŠã‚Šã¾ã™ã€‚,,42,2,20
1618889303332995072,ProfilePage,2023-01-27T08:32:03.000Z,Emmanue81515506,Emmanuel Essien,Am a man of his word and only focus will bring your success ğŸ”±,,0,113,29
1631659038776623104,ProfilePage,2023-03-03T14:13:43.000Z,skinflint69,Kastmaster75,,,3,46,33
897358960239443968,ProfilePage,2017-08-15T07:27:03.000Z,montanarealtyc1,tony montana,"RECREATIONAL SUPPLIES, ART DECO BEACHFRONT PROPERTY, USED VINTAGE CAR OWNER. KEEPER OF TIGERS, HASSA LOCATING,INTL LOGISTICS EXPERT, WORLD TITLE DEED OWNER,",,1,1,110417
